position	residue	pDP	Sbind
1	M	0.3384	0.7219
2	S	0.3283	1.1568
3	V	0.3009	1.5546
4	T	0.2582	1.6815
5	V	0.2236	1.7566
6	K	0.2067	1.933
7	R	0.2033	1.9576
8	I	0.2115	1.9328
9	I	0.22	2.0645
10	D	0.227	2.2371
11	N	0.2228	2.2609
12	T	0.2175	2.2399
13	V	0.2361	1.9855
14	I	0.2388	2.1458
15	V	0.2445	2.2371
16	P	0.2739	2.1155
17	K	0.3129	2.3062
18	L	0.3481	2.3062
19	P	0.3904	2.2736
20	A	0.4383	2.1276
21	N	0.4661	2.3458
22	E	0.4657	2.6921
23	D	0.4044	2.6542
24	P	0.322	2.2914
25	V	0.2526	1.9813
26	E	0.2173	1.4942
27	Y	0.1905	1.3492
28	P	0.1739	1.0189
29	A	0.1667	0.8998
30	D	0.1636	0.8998
31	Y	0.1651	0.9518
32	F	0.1764	0.9971
33	R	0.1939	1.2075
34	K	0.2144	1.5175
35	S	0.2229	1.7731
36	K	0.2522	1.9433
37	E	0.252	1.9993
38	I	0.2461	2.0063
39	P	0.2389	1.9915
40	L	0.2407	1.8829
41	Y	0.2396	2.0841
42	I	0.2212	1.9959
43	N	0.2211	2.0001
44	T	0.2391	1.9406
45	T	0.2571	1.8872
46	K	0.2744	1.8721
47	S	0.279	1.8285
48	L	0.2673	1.6373
49	S	0.2478	1.565
50	D	0.2335	1.2825
51	L	0.2055	1.2424
52	R	0.1845	1.365
53	G	0.1753	1.5308
54	Y	0.1717	1.7988
55	V	0.169	2.2002
56	Y	0.1737	2.3766
57	Q	0.176	2.3395
58	G	0.1887	2.3683
59	L	0.2275	2.2474
60	K	0.2435	2.2659
61	S	0.2474	2.3796
62	G	0.2444	2.2245
63	N	0.217	2.3497
64	V	0.1948	2.2615
65	S	0.1773	2.0055
66	I	0.161	1.8285
67	I	0.1525	1.7003
68	H	0.1512	1.4893
69	V	0.1548	1.5761
70	N	0.1598	1.7725
71	S	0.1812	1.9887
72	Y	0.1878	2.0367
73	L	0.1952	1.9703
74	Y	0.1989	2.0216
75	G	0.2005	1.919
76	A	0.1999	2.0057
77	L	0.1998	2.0419
78	K	0.2017	2.1136
79	D	0.2008	2.0579
80	I	0.2071	2.0405
81	R	0.2095	1.9641
82	G	0.222	1.8914
83	K	0.2257	1.8619
84	L	0.2262	1.9152
85	D	0.215	1.8769
86	K	0.2197	1.9791
87	D	0.2152	1.9177
88	W	0.2049	1.9066
89	S	0.1986	1.9401
90	S	0.1917	1.9654
91	F	0.1975	1.9105
92	G	0.1989	1.9253
93	I	0.2079	1.9644
94	N	0.2134	1.9191
95	I	0.2259	1.8443
96	G	0.2395	1.8513
97	K	0.2589	1.6373
98	A	0.2784	1.6334
99	G	0.2812	1.7517
100	D	0.2712	1.937
101	T	0.2525	2.1988
102	I	0.2357	2.3935
103	G	0.2373	2.7037
104	I	0.3901	2.7867
105	F	0.447	2.7959
106	D	0.4744	2.6613
107	L	0.479	2.3944
108	V	0.488	2.3073
109	S	0.5199	2.2578
110	L	0.4958	2.2457
111	K	0.5152	2.1497
112	A	0.5424	2.0804
113	L	0.5782	2.0981
114	D	0.6187	2.1179
115	G	0.6798	2.0856
116	V	0.7142	2.0645
117	L	0.776	2.0344
118	P	0.8189	2.0534
119	D	0.881	2.0063
120	G	0.9155	1.7913
121	V	0.928	1.7913
122	S	0.9311	2.1569
123	D	0.9282	2.4284
124	A	0.9285	2.7253
125	S	0.907	2.9295
126	R	0.87	2.9966
127	T	0.8238	3.1213
128	S	0.7651	3.0034
129	A	0.7043	2.8227
130	D	0.6039	2.8105
131	D	0.4836	2.7708
132	K	0.4465	2.8782
133	W	0.4052	2.8705
134	L	0.3993	2.6333
135	P	0.4307	2.2827
136	L	0.4361	1.9855
137	Y	0.425	1.9071
138	L	0.3888	1.785
139	L	0.367	1.9144
140	G	0.3526	2.2519
141	L	0.3403	2.4596
142	Y	0.3421	2.8105
143	R	0.2857	2.786
144	V	0.2631	2.6549
145	G	0.2522	2.3699
146	R	0.2494	1.9651
147	T	0.257	1.7639
148	Q	0.2526	1.5175
149	M	0.2381	1.4819
150	P	0.2186	1.4544
151	E	0.2088	1.4952
152	Y	0.207	1.5101
153	R	0.2041	1.4717
154	K	0.1896	1.431
155	K	0.1864	1.4742
156	L	0.1875	1.4952
157	M	0.191	1.4378
158	D	0.197	1.3363
159	G	0.1986	1.3363
160	L	0.1908	1.2582
161	T	0.1809	1.2432
162	N	0.1723	1.228
163	Q	0.1632	1.228
164	C	0.1559	1.0694
165	K	0.1546	1.0362
166	M	0.1583	1.1818
167	I	0.1615	1.2412
168	N	0.1695	1.1818
169	E	0.18	1.1818
170	Q	0.1807	1.1818
171	F	0.1817	1.1818
172	E	0.1749	1.0694
173	P	0.1848	1.113
174	L	0.199	1.3351
175	V	0.2161	1.3199
176	P	0.2323	1.2844
177	E	0.234	1.3495
178	G	0.2279	1.3495
179	R	0.2081	1.3733
180	D	0.1929	1.4047
181	I	0.1828	1.5831
182	F	0.1771	1.5492
183	D	0.1725	1.3438
184	V	0.1724	1.3162
185	W	0.1815	1.2057
186	G	0.2029	1.1637
187	N	0.2148	1.1637
188	D	0.2207	1.0189
189	S	0.2012	0.7724
190	N	0.1788	0.5917
191	Y	0.1557	0.5917
192	T	0.1504	0.7755
193	K	0.1473	1.1504
194	I	0.1476	1.4583
195	V	0.1501	1.5946
196	A	0.1511	1.6704
197	A	0.1689	1.7081
198	V	0.1691	1.5424
199	D	0.1695	1.6907
200	M	0.17	1.7219
201	F	0.1684	1.6907
202	F	0.1477	1.4013
203	H	0.1418	1.0694
204	M	0.1429	0.8998
205	F	0.1458	0.7219
206	K	0.1516	0.7219
207	K	0.1562	1.0585
208	H	0.164	1.2412
209	E	0.1784	1.3337
210	C	0.1845	1.313
211	A	0.1827	1.4089
212	S	0.1809	1.3752
213	F	0.1775	1.3351
214	R	0.171	1.3733
215	Y	0.1687	1.4047
216	G	0.1698	1.4905
217	T	0.1718	1.6462
218	I	0.1694	1.8369
219	V	0.1735	1.9005
220	S	0.179	1.8334
221	R	0.1835	1.84
222	F	0.1844	1.8969
223	K	0.1852	1.9696
224	D	0.1775	1.9887
225	C	0.1796	1.9599
226	A	0.1801	1.8285
227	A	0.1785	1.6693
228	L	0.1864	1.6193
229	A	0.192	1.5436
230	T	0.1997	1.479
231	F	0.2058	1.4893
232	G	0.2105	1.3471
233	H	0.2009	1.1504
234	L	0.1991	1.2825
235	C	0.2101	1.431
236	K	0.2261	1.6705
237	I	0.2606	1.6373
238	T	0.3024	1.6373
239	G	0.351	1.6403
240	M	0.3827	1.6915
241	S	0.3775	1.6947
242	T	0.3088	1.6431
243	E	0.2547	1.6082
244	D	0.2107	1.5925
245	V	0.182	1.4378
246	T	0.1645	1.313
247	T	0.1543	1.313
248	W	0.1576	1.3924
249	I	0.168	1.3924
250	L	0.1687	1.3978
251	N	0.1598	1.228
252	R	0.1628	1.0694
253	E	0.1671	0.9971
254	V	0.1715	1.1194
255	A	0.1699	1.2432
256	D	0.1732	1.3924
257	E	0.1729	1.5492
258	M	0.175	1.5409
259	V	0.1777	1.5128
260	Q	0.1781	1.565
261	M	0.1812	1.7673
262	M	0.1915	2.0263
263	L	0.2057	2.2359
264	P	0.2198	2.2359
265	G	0.2284	2.2249
266	Q	0.241	2.1966
267	E	0.2495	2.2378
268	I	0.2716	2.3062
269	D	0.2797	2.2885
270	K	0.2959	2.3813
271	A	0.3319	2.4999
272	D	0.3684	2.7249
273	S	0.3998	2.8367
274	Y	0.4111	2.7888
275	M	0.4166	2.5195
276	P	0.4414	2.3773
277	Y	0.4238	2.3727
278	L	0.427	2.3727
279	I	0.4574	2.4391
280	D	0.5085	2.3797
281	F	0.5805	2.5003
282	G	0.6402	2.5453
283	L	0.7181	2.5003
284	S	0.7719	2.3813
285	S	0.7924	2.42
286	K	0.8005	2.4916
287	S	0.8009	2.4549
288	P	0.783	2.3855
289	Y	0.7555	2.1902
290	S	0.7224	2.0626
291	S	0.6666	1.7218
292	V	0.578	1.5765
293	K	0.5118	1.2076
294	N	0.4571	1.1504
295	P	0.406	1.537
296	A	0.3658	1.6635
297	F	0.3043	1.852
298	H	0.2757	2.1574
299	F	0.2722	2.3617
300	W	0.29	2.4886
301	G	0.2909	2.4624
302	Q	0.2826	2.4211
303	L	0.2867	2.271
304	T	0.2758	2.2672
305	A	0.2729	2.2198
306	L	0.2765	2.1007
307	L	0.3013	1.898
308	L	0.3355	2.0946
309	R	0.3903	2.1652
310	S	0.4881	2.1822
311	T	0.5582	2.1342
312	R	0.6475	2.2246
313	A	0.6944	2.2089
314	R	0.7194	2.2118
315	N	0.7105	2.167
316	A	0.7294	1.9918
317	R	0.7166	1.9944
318	Q	0.6907	1.9268
319	P	0.6354	1.7994
320	D	0.5309	1.7106
321	D	0.4331	1.7747
322	I	0.3618	2.0886
323	E	0.3462	2.4205
324	Y	0.3777	2.7789
325	T	0.3903	2.8583
326	S	0.4119	2.8104
327	L	0.4711	2.5212
328	T	0.4826	2.2219
329	T	0.486	1.8419
330	A	0.4657	1.7388
331	G	0.4282	2.0583
332	L	0.4011	2.2129
333	L	0.3273	2.4028
334	Y	0.2875	2.5883
335	A	0.282	2.5266
336	Y	0.2844	2.6118
337	A	0.2913	2.681
338	V	0.3119	2.7573
339	G	0.3535	2.7113
340	S	0.3939	2.7184
341	S	0.426	2.6765
342	A	0.4757	2.4892
343	D	0.5023	2.1598
344	L	0.4944	2.19
345	A	0.4854	2.3014
346	Q	0.4604	2.4422
347	Q	0.4574	2.4496
348	F	0.4796	2.4425
349	C	0.5127	2.5107
350	V	0.5785	2.5435
351	G	0.6627	2.4349
352	D	0.7043	2.4284
353	N	0.7654	2.3342
354	K	0.8205	2.354
355	Y	0.8525	2.4672
356	T	0.8812	2.5376
357	P	0.8973	2.6238
358	D	0.9138	2.5003
359	D	0.9332	2.4624
360	S	0.9376	2.2433
361	T	0.9362	2.271
362	G	0.9371	2.2502
363	G	0.9286	2.2613
364	L	0.9153	2.3562
365	T	0.8995	2.4083
366	T	0.8838	2.3588
367	N	0.8668	2.4584
368	A	0.8486	2.6063
369	P	0.832	2.7101
370	P	0.8045	2.8355
371	Q	0.7698	2.8075
372	G	0.7232	2.6594
373	R	0.6339	2.6276
374	D	0.5798	2.3349
375	V	0.4949	2.2766
376	V	0.4501	2.5762
377	E	0.398	2.8886
378	W	0.3408	2.947
379	L	0.2892	2.9755
380	G	0.2547	2.8975
381	W	0.25	2.5809
382	F	0.2769	2.3724
383	E	0.307	2.1555
384	D	0.3889	2.2235
385	Q	0.4596	2.2824
386	N	0.5241	2.2921
387	R	0.5308	2.2626
388	K	0.512	2.1983
389	P	0.4515	2.2696
390	T	0.3853	2.2009
391	P	0.3238	2.0502
392	D	0.2841	1.8369
393	M	0.2439	1.7399
394	M	0.2185	1.6827
395	Q	0.2077	1.8613
396	Y	0.1986	2.001
397	A	0.2127	2.2457
398	K	0.229	2.5212
399	R	0.2483	2.6921
400	A	0.2675	2.7073
401	V	0.2978	2.5127
402	M	0.3034	2.4129
403	S	0.3153	2.6601
404	L	0.3364	2.7568
405	Q	0.3238	2.7395
406	G	0.3238	2.5937
407	L	0.3363	2.4456
408	R	0.3593	2.1822
409	E	0.3729	2.119
410	K	0.3957	2.167
411	T	0.4372	2.3377
412	I	0.4866	2.4666
413	G	0.5271	2.6286
414	K	0.5768	2.6461
415	Y	0.6553	2.6518
416	A	0.7429	2.402
417	K	0.7957	2.3452
418	S	0.8426	1.9356
419	E	0.8826	1.6815
420	F	0.9114	1.6402
421	D	0.9102	1.4855
422	K	0.8802	1.371